[
  {
    "title": "Laundry",
    "description": "Wash clothes",
    "dueDate": "2019-12-31",
    "isCompleted": false
  },
  {
    "title": "Grocery Shopping",
    "description": "Buy groceries",
    "dueDate": "2019-12-31",
    "isCompleted": false
  },
  {
    "title": "Cooking",
    "description": "Cook dinner",
    "dueDate": "2019-12-31",
    "isCompleted": false
  },
  {
    "title": "Cleaning",
    "description": "Clean the house",
    "dueDate": "2019-12-31",
    "isCompleted": false
  },
  {
    "title": "Exercise",
    "description": "Go to the gym",
    "dueDate": "2019-12-31",
    "isCompleted": false
  }
]